province,folder_url
กรุงเทพมหานคร,https://drive.google.com/drive/folders/1C1bvoAzR55wuJ6Dkt5OYWGz4ukv-F5Sl
สมุทรปราการ,
นนทบุรี,https://drive.google.com/drive/folders/1MApGQ8YpAG1hVMOWqfKdfag3KLWYYWY5
ปทุมธานี,https://drive.google.com/drive/folders/1bTPhst0RbMD-U9mFdxqOMzEyvOisQL6i
พระนครศรีอยุธยา,https://drive.google.com/drive/folders/11kxwA_elo8-IzYgFyyxplpFymLlqz3eY?hl=th
อ่างทอง,https://drive.google.com/drive/folders/1pIq99HvFS-9AZ9MT1dWr6qV1kZG_bAmc
ลพบุรี,https://drive.google.com/drive/u/1/folders/1UdK2NnBS1b_g_F4NciQuCgZHAZusI370
สิงห์บุรี,https://drive.google.com/drive/folders/1SXJtGFdXWj5vptFftBaXYB0DRLKpRz2J
ชัยนาท,https://drive.google.com/drive/folders/1UUm2NLLCM-2hwZ0-GyJ5FqP4-Kk2tBnx
สระบุรี,https://drive.google.com/drive/folders/1kjiOI6K37nvx8zDC0TRX-97JyOGY6SSu
ชลบุรี,
ระยอง,https://drive.google.com/drive/folders/1uBC1GjNS_kmgemnO8HPZHO43oeNu1t1U
จันทบุรี,https://drive.google.com/drive/folders/15oWc6hB8XVJ4ku-fsCUQl7DI0bBOzl-a
ตราด,https://drive.google.com/drive/folders/1XLFjavED1BW_AG4xBDh5BfI6VQHv30_x
ฉะเชิงเทรา,https://drive.google.com/drive/folders/1lHFX-tgeHOqAOSPIrkKx8-uIr9RZFIUB
ปราจีนบุรี,https://drive.google.com/drive/folders/1GnQ8lFpzfnpuy83KItOp5X5uqYsz1Wit
นครนายก,
สระแก้ว,https://drive.google.com/drive/folders/1JHP61jJf4ivKliXvS5kqZsAPz93lwujk
นครราชสีมา,https://drive.google.com/drive/folders/1VUAH6skupn_Y1Kbfm5C6WYQSmSqsESNf
บุรีรัมย์,https://drive.google.com/drive/folders/1oPGf30Fo3_wELh5PpQibP24SXTVqga3q
สุรินทร์,https://drive.google.com/drive/u/0/folders/1CYvOxPmnWfImGLJyv5Nktx7R6uR7VV6j?sort=13&direction=a
ศรีสะเกษ,https://drive.google.com/drive/folders/14nCxcHcskvph2eBenG03XFAElTidJMZW
อุบลราชธานี,https://drive.google.com/drive/folders/1Nb7hJtDRoQy8VVR_cOfYhF7BHidRcuIH
ยโสธร,https://drive.google.com/drive/folders/1eMX1g22UePTyLFRS3-GYQ-HSRyDC-_tm
ชัยภูมิ,https://drive.google.com/drive/folders/11OAVEt8A7SfQLv9uPi9O-gLk37i_3CSI
อำนาจเจริญ,https://drive.google.com/drive/folders/14wkHdjHrTufhVFGsSY6rGT8Pst9HnjVu
บึงกาฬ,
หนองบัวลำภู,
ขอนแก่น,https://drive.google.com/drive/folders/1A89Hil8Yu_cFlU-FPY6FLfevaqOEg5IC
อุดรธานี,https://drive.google.com/drive/u/0/folders/1picxYRg1bxW0QJyrTGG9zEV762sY--Kz
เลย,https://drive.google.com/drive/folders/1_MBbOA5r_HG5PA8dY8tzckP0nEzPPZcs
หนองคาย,https://drive.google.com/drive/folders/1pgb4CNpWnsS7t487PHavovUYYmO0VzlJ
มหาสารคาม,https://drive.google.com/drive/folders/1OLW1YTKxj4kTnxHYf0EdwZGKcE5Seojz
ร้อยเอ็ด,https://drive.google.com/drive/folders/1IRJHtBr1ohWfrotTcTbM_Ta39vSlkLkD
กาฬสินธุ์,https://drive.google.com/drive/folders/1nRvDR4BWnW0j4DmeS4owe6Pb0iiUrudv
สกลนคร,https://drive.google.com/drive/folders/1EAH4dIYh2hgF0xXVTWNsRggtZS_2zaCD
นครพนม,https://drive.google.com/drive/folders/11VfP-Cst29ZKdRSS7kj9g7IgxMKdUyNK?usp=drive_link
มุกดาหาร,https://drive.google.com/drive/folders/17r8Me6sljlN1NC7er3skOZfpbV1w4aE0
เชียงใหม่,https://drive.google.com/drive/folders/1RWvYL-2KyyyCKGjF6qj39qKkpUjI6oML?usp=sharing
ลำพูน,https://drive.google.com/drive/folders/1nTVc_RgxSJIAHN2Zk3Y6KEbCteobL_bH
ลำปาง,https://drive.google.com/drive/folders/153yUnWv_2EWXSAbtsTTBE-wQYn9-6yXA?usp=sharing
อุตรดิตถ์,
แพร่,https://drive.google.com/drive/folders/1wD2ICNJHLhW0UaisZpW8ie49RC8Ba50v?usp=drive_link
น่าน,https://drive.google.com/drive/folders/1Qxfkwmm98At95sWBoMStaYaUvGNh6jxd
พะเยา,https://drive.google.com/drive/folders/1e_3_iZiijJIUxY20L55tZYW4AAXTnezQ
เชียงราย,https://drive.google.com/drive/folders/1w6ExwHN1c2qakXqUxAh7KmTJmZT-SSOo
แม่ฮ่องสอน,https://drive.google.com/drive/folders/1pM3S1USNWiOptbXo3bohzh5TvibXwWge
นครสวรรค์,
อุทัยธานี,https://drive.google.com/drive/folders/1AEsdI9srCecTof5DeIAs9vYUay4KSzVH
กำแพงเพชร,https://drive.google.com/drive/folders/1YFrEvow3-HwkcosJuXNeI82DL1WSrK_S
ตาก,https://drive.google.com/drive/folders/19vRSFjNCdHx2SqCb1fpWqC1UguoTmCNx
สุโขทัย,https://drive.google.com/drive/folders/1vDNUdsIBQUVVe1wX2sRfs-hzJ6g_eAkn
พิษณุโลก,https://drive.google.com/drive/folders/1I28S5sE3JOsbux5zk3oXp2gEe58-TpQ5?usp=sharing
พิจิตร,https://drive.google.com/drive/folders/1At01M8EipiffkqpTRT2uln5FTcA-Mktj
เพชรบูรณ์,https://drive.google.com/drive/folders/11xsNcsLAmjIIpBZu48FdjBFMerqQjNAQ
ราชบุรี,https://drive.google.com/drive/folders/1cbnTDoiRs1_BB60kx2nNlbUKkByOfNPI
กาญจนบุรี,https://drive.google.com/drive/folders/1h98dubKjCGNWqajx-KZx-bXlACzg6B4X
สุพรรณบุรี,
นครปฐม,https://drive.google.com/drive/folders/1pIq99HvFS-9AZ9MT1dWr6qV1kZG_bAmc
สมุทรสาคร,https://drive.google.com/drive/folders/1UJ_DgxRSWCcGzqsIQxA_vWgZqsZNncD1
สมุทรสงคราม,https://drive.google.com/drive/folders/1KLHjx-aovF3TTcFJdzzrt-nQ7-wWuzAc
เพชรบุรี,https://drive.google.com/drive/folders/1rLzQX8s86Dy5-gkSoaMr-fGfHOfyKOMj
ประจวบคีรีขันธ์,https://drive.google.com/drive/folders/1pV61BgH_CEOM-ETOvssJcYJBrjsiNuuV
นครศรีธรรมราช,https://drive.google.com/drive/folders/1Sn2_mAtcns6Q-Rn8QjlYdIYqvbiNt7DB
กระบี่,https://drive.google.com/drive/folders/1jG2TcSJVrmvOacW0kMaDaVzrU2wM6Quc
พังงา,https://drive.google.com/drive/folders/1OsTJ5mpr5BGxC29w-hUDmJztZQonU6mZ
ภูเก็ต,https://drive.google.com/drive/folders/1AsZpIJhIrt1XEmF8NASilMML_qf4We-C
สุราษฎร์ธานี,https://drive.google.com/drive/folders/17P3jpRHAFCOlZOoo_z_XQRwqt34Ocd9P
ระนอง,https://drive.google.com/drive/folders/1YHilYNAtKRSrGJw3xRDB1HuzoibkcVRo
ชุมพร,https://drive.google.com/drive/folders/1Hhtc2g_Tr5cWt4mVeSKgx6GbP1ZpT85k
สงขลา,https://drive.google.com/drive/folders/1smYf3sOszd3onwYx-q1JthQ5_6bDgAjs
สตูล,https://drive.google.com/drive/folders/1vSbfvVzsd6SCO2gIfw-AHuyJZqo9vovE
ตรัง,https://drive.google.com/drive/folders/1bQiDrKRbJ9seMVA6XlUhRFUw5sRMovrz
พัทลุง,https://drive.google.com/drive/folders/1iZAbINx1SXfr50Ul5ljAc68Si7tDV9Sz
ปัตตานี,https://drive.google.com/drive/folders/1_y3m72ukRQM1kTa5XPR_qiQC6foLci5a
ยะลา,https://drive.google.com/drive/folders/1GWDOvgZI4njIepaFVQ-skYZ7LUxF-ylT
นราธิวาส,https://drive.google.com/drive/u/1/folders/1XRZIqhC4n6JEYCnON868am2pP4vMByE1